,,,,,Class 1, Class 2,Class 3,Class 4,Class 5,
,265,265,,,265,154,224,783,570,1996
,FEEDBACK_VALUE,YOUTUBE_AUTO_MOS,,,,,,,,
29,3,3,,,,,,,,
30,1,5,,,,,,,,
31,3,5,,,,,,,,
32,2,5,,,,,,,,
33,3,5,,,,,,,,
34,3,5,,,,,,,,
35,3,5,,,,,,,,
36,3,5,,,,,,,,
37,2,5,,,,,,,,
38,3,5,,,,,,,,
39,2,5,,,,,,,,
40,3,5,,,,,,,,
41,4,5,,,,,,,,
42,2,3,,,,,,,,
43,4,3,,,,,,,,
44,3,3,,,,,,,,
45,3,3,,,,,,,,
46,5,3,,,,,,,,
47,4,3,,,,,,,,
48,5,3,,,,,,,,
49,5,3,,,,,,,,
50,4,3,,,,,,,,
51,3,3,,,,,,,,
52,4,3,,,,,,,,
53,5,5,,,,,,,,
54,5,5,,,,,,,,
55,2,1,,,,,,,,
56,2,1,,,,,,,,
57,2,1,,,,,,,,
58,2,1,,,,,,,,
59,1,1,,,,,,,,
60,1,1,,,265,154,224,783,570,
61,2,1,,,,,,,,
62,3,3,,,,,,,,
63,4,3,,,,,,,,
64,4,3,,,,,,,,
65,4,3,,,,,,,,
66,4,3,,,,,,,,
67,4,3,,,,,,,,
68,4,3,,,,,,,,
69,4,3,,,,,,,,
70,4,3,,,,,,,,
71,4,3,,,,,,,,
72,3,3,,,,,,,,
73,4,3,,,,,,,,
74,5,3,,,,,,,,
75,5,3,,,,,,,,
76,5,3,,,,,,,,
77,5,3,,,,,,,,
78,5,3,,,,,,,,
79,5,3,,,,,,,,
80,4,3,,,,,,,,
81,4,3,,,,,,,,
82,4,3,,,,,,,,
83,4,3,,,,,,,,
84,4,3,,,,,,,,
85,4,3,,,,,,,,
86,4,3,,,,,,,,
87,3,3,,,,,,,,
88,3,3,,,,,,,,
89,5,3,,,,,,,,
90,5,3,,,,,,,,
91,4,3,,,,,,,,
92,5,3,,,,,,,,
93,4,3,,,,,,,,
94,4,3,,,,,,,,
95,4,3,,,,,,,,
96,4,3,,,,,,,,
97,4,3,,,,,,,,
98,4,3,,,,,,,,
99,3,3,,,,,,,,
100,4,3,,,,,,,,
102,1,3,,,,,,,,
103,1,3,,Class1,265,,,,,
104,2,3,,,154,,,,,
105,1,3,,Class1,154,,,,,
106,2,1,,,783,,,,,
107,3,1,,,570,,,,,
108,1,1,,Class3,224,,,,,
109,2,1,,,,,,,,
110,4,1,,,,,,,,
111,4,1,,,,,,,,
112,3,1,,,,,,,,
113,1,1,,Class4,783,,,,,
114,3,1,,,,,,,,
115,4,3,,,,,,,,
116,4,3,,,,,,,,
117,4,3,,,,,,,,
118,3,3,,,,,,,,
119,4,3,,,,,,,,
120,4,3,,,,,,,,
121,4,3,,,,,,,,
122,4,3,,,,,,,,
123,3,3,,,,,,,,
124,4,3,,,,,,,,
125,4,3,,,,,,,,
126,4,3,,,,,,,,
127,3,3,,,,,,,,
128,3,3,,,,,,,,
129,4,3,,,,,,,,
130,4,3,,,,,,,,
131,4,5,,,,,,,,
132,4,5,,,,,,,,
133,4,5,,,,,,,,
134,4,5,,,,,,,,
135,4,5,,,,,,,,
136,3,5,,,,,,,,
137,4,5,,,,,,,,
138,4,5,,,,,,,,
139,4,5,,,,,,,,
140,4,5,,,,,,,,
141,4,5,,,,,,,,
142,4,5,,,,,,,,
143,4,5,,,,,,,,
144,3,5,,,,,,,,
145,3,5,,,,,,,,
146,4,1,,,,,,,,
147,4,1,,,,,,,,
148,4,1,,,,,,,,
149,4,1,,,,,,,,
150,4,1,,,,,,,,
151,4,3,,,,,,,,
152,3,3,,,,,,,,
153,4,3,,,,,,,,
154,4,3,,,,,,,,
155,3,3,,,,,,,,
156,4,3,,,,,,,,
157,4,3,,,,,,,,
158,5,5,,,,,,,,
159,3,5,,,,,,,,
160,4,5,,,,,,,,
161,4,5,,,,,,,,
162,3,5,,,,,,,,
163,4,1,,,,,,,,
164,5,1,,,,,,,,
165,3,1,,,,,,,,
166,4,1,,,,,,,,
167,4,1,,,,,,,,
168,5,1,,,,,,,,
169,5,1,,,,,,,,
170,4,1,,,,,,,,
171,2,1,,,,,,,,
172,3,1,,,,,,,,
173,3,1,,,,,,,,
174,4,1,,,,,,,,
175,5,5,,,,,,,,
176,5,5,,,,,,,,
177,5,5,,,,,,,,
178,5,5,,,,,,,,
179,5,5,,,,,,,,
180,5,5,,,,,,,,
181,5,5,,,,,,,,
182,5,5,,,,,,,,
183,5,5,,,,,,,,
184,5,5,,,,,,,,
185,4,5,,,,,,,,
186,4,5,,,,,,,,
187,4,5,,,,,,,,
188,4,5,,,,,,,,
189,4,5,,,,,,,,
190,4,5,,,,,,,,
191,4,5,,,,,,,,
192,4,5,,,,,,,,
193,5,5,,,,,,,,
194,4,3,,,,,,,,
195,4,3,,,,,,,,
196,4,3,,,,,,,,
197,4,3,,,,,,,,
198,4,3,,,,,,,,
199,4,3,,,,,,,,
200,4,3,,,,,,,,
201,4,3,,,,,,,,
202,4,3,,,,,,,,
203,4,3,,,,,,,,
204,4,3,,,,,,,,
205,5,5,,,,,,,,
206,5,5,,,,,,,,
207,4,5,,,,,,,,
209,4,5,,,,,,,,
210,5,5,,,,,,,,
211,2,5,,,,,,,,
212,1,5,,Class5,570,,,,,
213,5,5,,,,,,,,
214,3,3,,,,,,,,
215,3,3,,,,,,,,
216,3,3,,,,,,,,
217,3,3,,,,,,,,
218,3,3,,,,,,,,
219,3,3,,,,,,,,
220,5,3,,,,,,,,
221,5,3,,,,,,,,
222,5,3,,,,,,,,
223,5,3,,,,,,,,
224,5,5,,,,,,,,
225,5,5,,,,,,,,
226,5,5,,,,,,,,
227,4,5,,,,,,,,
228,5,5,,,,,,,,
229,5,5,,,,,,,,
230,5,5,,,,,,,,
231,4,5,,,,,,,,
232,5,5,,,,,,,,
233,5,5,,,,,,,,
234,5,5,,,,,,,,
235,5,5,,,,,,,,
236,5,5,,,,,,,,
237,5,5,,,,,,,,
238,5,5,,,,,,,,
239,5,5,,,,,,,,
240,5,5,,,,,,,,
241,5,5,,,,,,,,
242,5,5,,,,,,,,
243,5,5,,,,,,,,
244,5,5,,,,,,,,
245,5,5,,,,,,,,
246,4,5,,,,,,,,
247,5,5,,,,,,,,
248,5,5,,,,,,,,
249,5,5,,,,,,,,
250,5,5,,,,,,,,
251,5,5,,,,,,,,
252,5,5,,,,,,,,
253,5,5,,,,,,,,
254,1,5,,,,,,,,
255,1,5,,,,,,,,
256,1,5,,,,,,,,
257,1,5,,,,,,,,
258,1,3,,,,,,,,
259,1,3,,,,,,,,
260,1,3,,,,,,,,
261,1,3,,,,,,,,
262,4,3,,,,,,,,
263,4,3,,,,,,,,
264,1,3,,,,,,,,
265,5,3,,,,,,,,
266,5,3,,,,,,,,
267,4,3,,,,,,,,
268,3,3,,,,,,,,
269,4,3,,,,,,,,
270,4,3,,,,,,,,
271,4,3,,,,,,,,
272,4,3,,,,,,,,
273,4,3,,,,,,,,
274,4,3,,,,,,,,
275,4,3,,,,,,,,
276,4,3,,,,,,,,
277,4,3,,,,,,,,
278,4,3,,,,,,,,
279,4,3,,,,,,,,
280,4,3,,,,,,,,
281,4,3,,,,,,,,
282,4,3,,,,,,,,
283,4,3,,,,,,,,
284,4,3,,,,,,,,
285,4,3,,,,,,,,
286,4,3,,,,,,,,
287,4,3,,,,,,,,
288,4,3,,,,,,,,
289,4,3,,,,,,,,
290,4,3,,,,,,,,
291,4,3,,,,,,,,
292,4,3,,,,,,,,
293,3,3,,,,,,,,
294,4,3,,,,,,,,
295,4,3,,,,,,,,
296,4,3,,,,,,,,
297,4,3,,,,,,,,
298,4,3,,,,,,,,
299,4,3,,,,,,,,
300,4,3,,,,,,,,
301,4,3,,,,,,,,
302,4,3,,,,,,,,
303,4,3,,,,,,,,
304,4,3,,,,,,,,
305,4,3,,,,,,,,
306,4,3,,,,,,,,
307,4,3,,,,,,,,
308,4,3,,,,,,,,
309,4,3,,,,,,,,
310,4,3,,,,,,,,
311,4,3,,,,,,,,
312,4,3,,,,,,,,
313,4,3,,,,,,,,
314,4,3,,,,,,,,
315,4,3,,,,,,,,
316,4,3,,,,,,,,
317,4,3,,,,,,,,
318,4,3,,,,,,,,
319,4,3,,,,,,,,
320,4,3,,,,,,,,
321,4,3,,,,,,,,
322,4,3,,,,,,,,
323,4,3,,,,,,,,
324,4,3,,,,,,,,
325,4,3,,,,,,,,
326,4,3,,,,,,,,
327,4,3,,,,,,,,
328,4,3,,,,,,,,
329,4,3,,,,,,,,
330,4,3,,,,,,,,
331,4,3,,,,,,,,
332,4,3,,,,,,,,
333,4,3,,,,,,,,
334,4,3,,,,,,,,
335,4,3,,,,,,,,
336,4,5,,,,,,,,
337,4,5,,,,,,,,
338,4,5,,,,,,,,
339,2,5,,,,,,,,
340,4,5,,,,,,,,
341,3,5,,,,,,,,
342,5,5,,,,,,,,
343,5,5,,,,,,,,
344,5,5,,,,,,,,
345,5,1,,,,,,,,
346,1,1,,,,,,,,
347,1,1,,,,,,,,
348,1,1,,,,,,,,
349,1,1,,,,,,,,
350,3,1,,,,,,,,
351,3,5,,,,,,,,
352,5,3,,,,,,,,
353,4,5,,,,,,,,
354,4,5,,,,,,,,
355,4,3,,,,,,,,
356,5,3,,,,,,,,
357,5,3,,,,,,,,
358,4,3,,,,,,,,
359,5,3,,,,,,,,
360,2,3,,,,,,,,
361,3,5,,,,,,,,
362,4,3,,,,,,,,
363,5,5,,,,,,,,
364,4,3,,,,,,,,
365,4,5,,,,,,,,
366,1,3,,,,,,,,
367,1,3,,,,,,,,
368,1,3,,,,,,,,
369,4,5,,,,,,,,
370,1,3,,,,,,,,
371,4,5,,,,,,,,
372,4,5,,,,,,,,
373,4,5,,,,,,,,
374,5,5,,,,,,,,
375,5,5,,,,,,,,
376,5,5,,,,,,,,
377,1,3,,,,,,,,
378,1,3,,,,,,,,
379,1,3,,,,,,,,
381,1,3,,,,,,,,
382,1,3,,,,,,,,
383,4,5,,,,,,,,
385,1,3,,,,,,,,
386,1,3,,,,,,,,
387,5,5,,,,,,,,
389,1,3,,,,,,,,
390,1,3,,,,,,,,
391,4,5,,,,,,,,
392,1,3,,,,,,,,
393,1,3,,,,,,,,
394,5,5,,,,,,,,
395,4,5,,,,,,,,
396,1,3,,,,,,,,
397,5,5,,,,,,,,
398,5,5,,,,,,,,
399,4,5,,,,,,,,
400,5,5,,,,,,,,
401,3,5,,,,,,,,
402,4,5,,,,,,,,
403,5,5,,,,,,,,
404,4,5,,,,,,,,
405,5,5,,,,,,,,
406,5,5,,,,,,,,
407,4,5,,,,,,,,
409,3,3,,,,,,,,
410,5,5,,,,,,,,
411,4,3,,,,,,,,
412,4,5,,,,,,,,
414,3,3,,,,,,,,
415,5,5,,,,,,,,
418,4,5,,,,,,,,
419,5,5,,,,,,,,
420,5,5,,,,,,,,
423,5,5,,,,,,,,
424,5,5,,,,,,,,
426,4,5,,,,,,,,
427,4,3,,,,,,,,
428,4,3,,,,,,,,
429,3,5,,,,,,,,
430,5,3,,,,,,,,
431,5,5,,,,,,,,
432,5,3,,,,,,,,
433,5,5,,,,,,,,
434,4,5,,,,,,,,
436,4,5,,,,,,,,
438,4,5,,,,,,,,
439,5,5,,,,,,,,
440,5,5,,,,,,,,
441,5,5,,,,,,,,
442,5,5,,,,,,,,
443,5,5,,,,,,,,
460,4,5,,,,,,,,
461,4,5,,,,,,,,
462,4,5,,,,,,,,
463,5,5,,,,,,,,
464,5,1,,,,,,,,
465,5,1,,,,,,,,
466,5,1,,,,,,,,
467,4,1,,,,,,,,
468,5,5,,,,,,,,
469,3,5,,,,,,,,
470,5,5,,,,,,,,
471,1,3,,,,,,,,
472,1,3,,,,,,,,
473,1,3,,,,,,,,
474,1,3,,,,,,,,
475,1,3,,,,,,,,
476,1,3,,,,,,,,
477,1,3,,,,,,,,
478,1,3,,,,,,,,
479,1,3,,,,,,,,
480,1,3,,,,,,,,
481,1,3,,,,,,,,
482,1,3,,,,,,,,
483,1,3,,,,,,,,
484,1,3,,,,,,,,
485,1,3,,,,,,,,
486,1,3,,,,,,,,
487,1,3,,,,,,,,
488,2,3,,,,,,,,
489,2,3,,,,,,,,
490,2,3,,,,,,,,
491,2,3,,,,,,,,
492,2,3,,,,,,,,
493,4,3,,,,,,,,
494,4,3,,,,,,,,
495,4,3,,,,,,,,
496,4,3,,,,,,,,
497,4,3,,,,,,,,
498,4,3,,,,,,,,
499,4,3,,,,,,,,
500,3,3,,,,,,,,
501,5,1,,,,,,,,
502,4,1,,,,,,,,
503,4,1,,,,,,,,
504,4,1,,,,,,,,
505,4,3,,,,,,,,
506,4,3,,,,,,,,
507,4,3,,,,,,,,
508,4,3,,,,,,,,
509,4,3,,,,,,,,
510,4,3,,,,,,,,
511,5,3,,,,,,,,
512,4,1,,,,,,,,
514,1,5,,,,,,,,
515,4,5,,,,,,,,
516,4,5,,,,,,,,
517,4,5,,,,,,,,
518,4,5,,,,,,,,
519,5,5,,,,,,,,
520,5,5,,,,,,,,
521,5,5,,,,,,,,
522,5,5,,,,,,,,
523,5,5,,,,,,,,
524,5,5,,,,,,,,
525,4,3,,,,,,,,
526,4,3,,,,,,,,
527,4,3,,,,,,,,
528,1,5,,,,,,,,
529,5,5,,,,,,,,
530,5,5,,,,,,,,
531,4,3,,,,,,,,
532,1,3,,,,,,,,
533,1,3,,,,,,,,
534,1,3,,,,,,,,
535,1,3,,,,,,,,
536,1,3,,,,,,,,
537,1,3,,,,,,,,
538,1,3,,,,,,,,
539,1,3,,,,,,,,
540,1,3,,,,,,,,
541,1,3,,,,,,,,
542,1,3,,,,,,,,
543,1,3,,,,,,,,
544,1,3,,,,,,,,
545,4,3,,,,,,,,
546,4,3,,,,,,,,
547,4,3,,,,,,,,
548,5,3,,,,,,,,
549,4,3,,,,,,,,
550,3,3,,,,,,,,
551,4,3,,,,,,,,
552,4,3,,,,,,,,
553,4,3,,,,,,,,
554,4,3,,,,,,,,
555,4,3,,,,,,,,
556,4,3,,,,,,,,
557,4,3,,,,,,,,
558,4,3,,,,,,,,
559,4,3,,,,,,,,
560,3,3,,,,,,,,
561,2,3,,,,,,,,
562,2,3,,,,,,,,
563,2,3,,,,,,,,
564,2,3,,,,,,,,
565,2,3,,,,,,,,
566,2,3,,,,,,,,
567,2,3,,,,,,,,
568,2,3,,,,,,,,
569,2,3,,,,,,,,
570,2,3,,,,,,,,
571,2,3,,,,,,,,
572,2,3,,,,,,,,
573,2,3,,,,,,,,
574,2,3,,,,,,,,
575,2,3,,,,,,,,
576,2,3,,,,,,,,
577,2,3,,,,,,,,
578,2,3,,,,,,,,
579,1,3,,,,,,,,
580,1,3,,,,,,,,
581,1,3,,,,,,,,
582,1,3,,,,,,,,
583,1,3,,,,,,,,
584,1,3,,,,,,,,
585,1,1,,,,,,,,
586,1,1,,,,,,,,
587,1,1,,,,,,,,
588,1,1,,,,,,,,
589,2,1,,,,,,,,
590,2,1,,,,,,,,
591,2,1,,,,,,,,
592,2,1,,,,,,,,
593,2,1,,,,,,,,
594,2,1,,,,,,,,
595,2,1,,,,,,,,
596,2,1,,,,,,,,
597,2,3,,,,,,,,
598,3,3,,,,,,,,
599,3,3,,,,,,,,
600,3,3,,,,,,,,
601,2,3,,,,,,,,
602,3,3,,,,,,,,
603,3,3,,,,,,,,
604,3,3,,,,,,,,
605,3,3,,,,,,,,
606,3,3,,,,,,,,
607,3,3,,,,,,,,
608,3,3,,,,,,,,
609,3,3,,,,,,,,
610,3,3,,,,,,,,
611,3,3,,,,,,,,
612,3,3,,,,,,,,
613,3,3,,,,,,,,
614,3,3,,,,,,,,
615,4,3,,,,,,,,
616,4,3,,,,,,,,
617,4,3,,,,,,,,
618,4,3,,,,,,,,
619,4,3,,,,,,,,
620,4,3,,,,,,,,
621,4,3,,,,,,,,
622,4,3,,,,,,,,
623,4,3,,,,,,,,
624,4,3,,,,,,,,
625,4,3,,,,,,,,
626,3,3,,,,,,,,
627,4,3,,,,,,,,
628,1,3,,,,,,,,
629,2,3,,,,,,,,
630,2,3,,,,,,,,
631,1,3,,,,,,,,
632,2,3,,,,,,,,
633,2,3,,,,,,,,
634,2,3,,,,,,,,
635,2,3,,,,,,,,
636,2,3,,,,,,,,
637,2,3,,,,,,,,
638,2,3,,,,,,,,
639,2,3,,,,,,,,
640,2,3,,,,,,,,
641,2,3,,,,,,,,
642,2,3,,,,,,,,
643,2,3,,,,,,,,
644,2,3,,,,,,,,
645,2,3,,,,,,,,
646,2,3,,,,,,,,
647,2,3,,,,,,,,
648,2,3,,,,,,,,
649,3,3,,,,,,,,
650,2,3,,,,,,,,
651,2,3,,,,,,,,
652,2,3,,,,,,,,
653,2,3,,,,,,,,
654,4,3,,,,,,,,
655,4,3,,,,,,,,
656,3,3,,,,,,,,
657,4,3,,,,,,,,
658,4,3,,,,,,,,
659,4,3,,,,,,,,
660,4,3,,,,,,,,
661,4,3,,,,,,,,
662,4,3,,,,,,,,
663,5,3,,,,,,,,
664,4,3,,,,,,,,
665,4,3,,,,,,,,
666,4,3,,,,,,,,
667,4,3,,,,,,,,
668,4,3,,,,,,,,
669,4,3,,,,,,,,
670,1,3,,,,,,,,
671,1,3,,,,,,,,
672,1,3,,,,,,,,
673,1,3,,,,,,,,
674,1,3,,,,,,,,
675,4,3,,,,,,,,
676,4,3,,,,,,,,
677,4,3,,,,,,,,
678,5,5,,,,,,,,
679,5,5,,,,,,,,
680,4,1,,,,,,,,
681,4,1,,,,,,,,
682,4,1,,,,,,,,
683,4,1,,,,,,,,
684,4,1,,,,,,,,
685,4,1,,,,,,,,
686,5,3,,,,,,,,
687,5,3,,,,,,,,
688,5,1,,,,,,,,
689,5,1,,,,,,,,
690,5,1,,,,,,,,
691,5,1,,,,,,,,
692,5,1,,,,,,,,
693,5,1,,,,,,,,
694,5,1,,,,,,,,
695,5,1,,,,,,,,
696,1,1,,,,,,,,
697,1,1,,,,,,,,
698,1,1,,,,,,,,
699,1,1,,,,,,,,
700,1,1,,,,,,,,
701,1,5,,,,,,,,
702,1,5,,,,,,,,
703,1,5,,,,,,,,
704,4,5,,,,,,,,
705,4,5,,,,,,,,
706,4,5,,,,,,,,
707,4,5,,,,,,,,
708,4,5,,,,,,,,
709,4,5,,,,,,,,
710,4,5,,,,,,,,
711,4,5,,,,,,,,
712,4,5,,,,,,,,
713,2,5,,,,,,,,
714,4,5,,,,,,,,
715,3,3,,,,,,,,
716,4,3,,,,,,,,
717,4,3,,,,,,,,
718,4,3,,,,,,,,
719,4,3,,,,,,,,
720,4,3,,,,,,,,
721,4,3,,,,,,,,
722,4,5,,,,,,,,
723,4,5,,,,,,,,
724,4,1,,,,,,,,
725,4,1,,,,,,,,
726,4,1,,,,,,,,
727,4,1,,,,,,,,
728,4,1,,,,,,,,
729,4,1,,,,,,,,
730,4,3,,,,,,,,
731,4,3,,,,,,,,
732,4,3,,,,,,,,
733,4,3,,,,,,,,
734,4,3,,,,,,,,
735,4,3,,,,,,,,
736,4,3,,,,,,,,
737,4,3,,,,,,,,
738,4,5,,,,,,,,
739,5,5,,,,,,,,
740,5,5,,,,,,,,
741,5,5,,,,,,,,
742,4,5,,,,,,,,
743,4,5,,,,,,,,
744,4,5,,,,,,,,
745,4,5,,,,,,,,
746,5,5,,,,,,,,
747,5,5,,,,,,,,
748,5,5,,,,,,,,
749,5,5,,,,,,,,
750,5,5,,,,,,,,
751,5,5,,,,,,,,
752,5,5,,,,,,,,
753,5,3,,,,,,,,
754,2,3,,,,,,,,
758,4,3,,,,,,,,
759,4,3,,,,,,,,
760,4,5,,,,,,,,
761,5,5,,,,,,,,
762,1,5,,,,,,,,
763,3,5,,,,,,,,
766,5,5,,,,,,,,
768,4,5,,,,,,,,
769,1,5,,,,,,,,
770,2,5,,,,,,,,
771,3,5,,,,,,,,
772,3,5,,,,,,,,
773,2,5,,,,,,,,
774,2,5,,,,,,,,
775,4,5,,,,,,,,
776,5,3,,,,,,,,
777,5,3,,,,,,,,
778,5,3,,,,,,,,
779,5,3,,,,,,,,
780,5,3,,,,,,,,
781,3,3,,,,,,,,
782,3,3,,,,,,,,
783,3,3,,,,,,,,
784,3,3,,,,,,,,
785,3,3,,,,,,,,
786,3,3,,,,,,,,
787,3,3,,,,,,,,
788,3,3,,,,,,,,
789,3,3,,,,,,,,
790,5,1,,,,,,,,
791,5,1,,,,,,,,
792,5,1,,,,,,,,
793,5,1,,,,,,,,
794,5,1,,,,,,,,
795,5,1,,,,,,,,
796,5,1,,,,,,,,
797,5,1,,,,,,,,
798,5,1,,,,,,,,
799,5,1,,,,,,,,
800,5,3,,,,,,,,
801,4,3,,,,,,,,
802,4,3,,,,,,,,
803,4,3,,,,,,,,
804,4,3,,,,,,,,
805,4,3,,,,,,,,
806,4,3,,,,,,,,
807,4,3,,,,,,,,
808,4,3,,,,,,,,
809,4,3,,,,,,,,
810,4,3,,,,,,,,
811,4,3,,,,,,,,
812,5,3,,,,,,,,
813,5,3,,,,,,,,
814,5,3,,,,,,,,
815,4,3,,,,,,,,
816,5,3,,,,,,,,
817,5,3,,,,,,,,
818,5,3,,,,,,,,
819,5,3,,,,,,,,
820,5,3,,,,,,,,
821,5,3,,,,,,,,
822,5,3,,,,,,,,
823,5,3,,,,,,,,
824,4,5,,,,,,,,
825,4,5,,,,,,,,
826,3,5,,,,,,,,
827,4,5,,,,,,,,
828,4,5,,,,,,,,
829,4,5,,,,,,,,
830,4,5,,,,,,,,
831,4,5,,,,,,,,
832,4,5,,,,,,,,
833,4,5,,,,,,,,
834,4,5,,,,,,,,
835,4,5,,,,,,,,
836,4,5,,,,,,,,
837,5,5,,,,,,,,
838,5,5,,,,,,,,
839,5,5,,,,,,,,
840,5,5,,,,,,,,
841,5,5,,,,,,,,
842,5,5,,,,,,,,
843,5,5,,,,,,,,
844,5,5,,,,,,,,
845,5,5,,,,,,,,
846,5,5,,,,,,,,
847,5,5,,,,,,,,
848,5,5,,,,,,,,
849,5,5,,,,,,,,
850,5,5,,,,,,,,
851,5,5,,,,,,,,
852,5,5,,,,,,,,
853,5,5,,,,,,,,
854,5,5,,,,,,,,
855,5,5,,,,,,,,
856,5,5,,,,,,,,
857,5,5,,,,,,,,
858,5,5,,,,,,,,
859,5,5,,,,,,,,
860,5,5,,,,,,,,
861,5,5,,,,,,,,
862,5,5,,,,,,,,
863,5,5,,,,,,,,
864,5,5,,,,,,,,
865,5,5,,,,,,,,
866,5,5,,,,,,,,
867,5,5,,,,,,,,
868,5,5,,,,,,,,
869,5,5,,,,,,,,
870,5,5,,,,,,,,
871,5,5,,,,,,,,
872,5,5,,,,,,,,
873,5,5,,,,,,,,
874,5,5,,,,,,,,
875,4,5,,,,,,,,
876,4,5,,,,,,,,
877,4,5,,,,,,,,
878,4,5,,,,,,,,
879,4,5,,,,,,,,
880,4,5,,,,,,,,
881,4,5,,,,,,,,
882,5,5,,,,,,,,
883,5,5,,,,,,,,
884,5,5,,,,,,,,
885,4,5,,,,,,,,
886,4,1,,,,,,,,
887,5,1,,,,,,,,
888,5,1,,,,,,,,
889,5,1,,,,,,,,
890,5,1,,,,,,,,
891,5,1,,,,,,,,
892,5,1,,,,,,,,
893,5,1,,,,,,,,
894,5,1,,,,,,,,
895,5,1,,,,,,,,
896,5,1,,,,,,,,
897,5,1,,,,,,,,
898,5,1,,,,,,,,
899,5,1,,,,,,,,
900,5,1,,,,,,,,
901,5,1,,,,,,,,
902,5,1,,,,,,,,
903,5,1,,,,,,,,
904,4,1,,,,,,,,
905,5,1,,,,,,,,
906,5,1,,,,,,,,
907,5,5,,,,,,,,
908,5,5,,,,,,,,
909,5,5,,,,,,,,
910,5,5,,,,,,,,
911,5,5,,,,,,,,
912,5,5,,,,,,,,
913,5,5,,,,,,,,
914,5,5,,,,,,,,
915,3,3,,,,,,,,
916,2,5,,,,,,,,
917,3,3,,,,,,,,
918,4,3,,,,,,,,
919,2,3,,,,,,,,
920,2,3,,,,,,,,
921,2,3,,,,,,,,
922,4,3,,,,,,,,
923,4,3,,,,,,,,
924,5,3,,,,,,,,
925,4,3,,,,,,,,
926,4,3,,,,,,,,
927,3,3,,,,,,,,
929,4,3,,,,,,,,
930,4,3,,,,,,,,
931,5,1,,,,,,,,
932,5,1,,,,,,,,
933,5,1,,,,,,,,
934,5,3,,,,,,,,
935,5,3,,,,,,,,
936,4,3,,,,,,,,
937,4,3,,,,,,,,
938,4,3,,,,,,,,
939,4,3,,,,,,,,
940,4,3,,,,,,,,
941,5,5,,,,,,,,
942,5,3,,,,,,,,
943,5,3,,,,,,,,
944,5,3,,,,,,,,
945,5,3,,,,,,,,
946,5,3,,,,,,,,
947,5,3,,,,,,,,
948,5,3,,,,,,,,
949,5,3,,,,,,,,
950,5,3,,,,,,,,
951,5,5,,,,,,,,
952,4,5,,,,,,,,
953,5,5,,,,,,,,
954,4,5,,,,,,,,
955,4,5,,,,,,,,
956,5,5,,,,,,,,
957,4,5,,,,,,,,
958,4,5,,,,,,,,
959,4,5,,,,,,,,
960,4,5,,,,,,,,
961,5,5,,,,,,,,
962,5,5,,,,,,,,
963,5,5,,,,,,,,
964,5,5,,,,,,,,
965,5,5,,,,,,,,
966,5,5,,,,,,,,
967,5,5,,,,,,,,
968,5,3,,,,,,,,
969,3,5,,,,,,,,
970,3,5,,,,,,,,
971,3,5,,,,,,,,
972,3,3,,,,,,,,
973,3,3,,,,,,,,
974,3,3,,,,,,,,
975,3,3,,,,,,,,
976,3,3,,,,,,,,
977,3,3,,,,,,,,
978,3,3,,,,,,,,
979,3,3,,,,,,,,
980,3,3,,,,,,,,
981,3,3,,,,,,,,
982,3,3,,,,,,,,
983,3,3,,,,,,,,
984,4,3,,,,,,,,
985,3,3,,,,,,,,
986,3,3,,,,,,,,
987,3,3,,,,,,,,
988,3,3,,,,,,,,
989,5,3,,,,,,,,
990,5,3,,,,,,,,
991,5,3,,,,,,,,
992,4,3,,,,,,,,
993,4,3,,,,,,,,
994,4,3,,,,,,,,
995,4,3,,,,,,,,
996,4,3,,,,,,,,
997,4,3,,,,,,,,
998,4,5,,,,,,,,
999,5,3,,,,,,,,
1000,4,3,,,,,,,,
1001,5,3,,,,,,,,
1002,5,3,,,,,,,,
1003,4,3,,,,,,,,
1004,5,3,,,,,,,,
1005,5,3,,,,,,,,
1006,5,3,,,,,,,,
1007,5,3,,,,,,,,
1008,5,3,,,,,,,,
1009,5,3,,,,,,,,
1010,5,3,,,,,,,,
1011,5,3,,,,,,,,
1012,4,3,,,,,,,,
1014,5,3,,,,,,,,
1015,3,3,,,,,,,,
1017,3,3,,,,,,,,
1018,3,3,,,,,,,,
1019,4,3,,,,,,,,
1020,4,3,,,,,,,,
1021,5,5,,,,,,,,
1022,5,5,,,,,,,,
1023,5,5,,,,,,,,
1024,5,5,,,,,,,,
1025,5,5,,,,,,,,
1026,5,5,,,,,,,,
1027,4,5,,,,,,,,
1028,5,5,,,,,,,,
1029,5,5,,,,,,,,
1030,5,5,,,,,,,,
1031,5,5,,,,,,,,
1032,5,5,,,,,,,,
1033,5,5,,,,,,,,
1034,4,3,,,,,,,,
1035,4,3,,,,,,,,
1036,4,3,,,,,,,,
1037,4,3,,,,,,,,
1038,4,3,,,,,,,,
1039,4,3,,,,,,,,
1040,5,3,,,,,,,,
1041,5,3,,,,,,,,
1042,5,3,,,,,,,,
1043,5,3,,,,,,,,
1044,5,5,,,,,,,,
1045,5,5,,,,,,,,
1046,5,5,,,,,,,,
1047,5,5,,,,,,,,
1048,5,5,,,,,,,,
1049,5,5,,,,,,,,
1050,5,5,,,,,,,,
1051,3,3,,,,,,,,
1052,3,3,,,,,,,,
1053,3,3,,,,,,,,
1054,4,3,,,,,,,,
1055,4,3,,,,,,,,
1056,4,5,,,,,,,,
1057,4,5,,,,,,,,
1058,5,5,,,,,,,,
1059,5,5,,,,,,,,
1060,5,5,,,,,,,,
1061,5,5,,,,,,,,
1062,5,5,,,,,,,,
1063,5,5,,,,,,,,
1064,5,5,,,,,,,,
1065,5,5,,,,,,,,
1066,5,5,,,,,,,,
1067,5,5,,,,,,,,
1068,5,5,,,,,,,,
1069,5,5,,,,,,,,
1070,5,5,,,,,,,,
1071,5,5,,,,,,,,
1072,5,5,,,,,,,,
1073,5,5,,,,,,,,
1074,4,5,,,,,,,,
1075,4,5,,,,,,,,
1076,4,5,,,,,,,,
1077,4,5,,,,,,,,
1078,4,5,,,,,,,,
1079,3,5,,,,,,,,
1080,3,5,,,,,,,,
1081,3,5,,,,,,,,
1082,3,5,,,,,,,,
1083,3,5,,,,,,,,
1084,5,5,,,,,,,,
1085,5,5,,,,,,,,
1086,5,5,,,,,,,,
1087,5,5,,,,,,,,
1088,5,5,,,,,,,,
1089,1,1,,,,,,,,
1090,1,1,,,,,,,,
1091,1,1,,,,,,,,
1092,1,1,,,,,,,,
1093,1,1,,,,,,,,
1094,1,1,,,,,,,,
1095,1,1,,,,,,,,
1096,1,5,,,,,,,,
1097,1,5,,,,,,,,
1098,1,5,,,,,,,,
1099,1,5,,,,,,,,
1100,1,5,,,,,,,,
1101,1,5,,,,,,,,
1102,1,3,,,,,,,,
1103,4,3,,,,,,,,
1104,4,3,,,,,,,,
1105,4,3,,,,,,,,
1106,4,3,,,,,,,,
1107,4,3,,,,,,,,
1108,4,3,,,,,,,,
1109,4,3,,,,,,,,
1110,4,3,,,,,,,,
1111,4,3,,,,,,,,
1112,4,3,,,,,,,,
1113,4,3,,,,,,,,
1114,4,5,,,,,,,,
1115,4,5,,,,,,,,
1116,4,5,,,,,,,,
1117,4,5,,,,,,,,
1118,4,5,,,,,,,,
1119,5,5,,,,,,,,
1120,5,5,,,,,,,,
1121,4,5,,,,,,,,
1122,4,5,,,,,,,,
1123,5,3,,,,,,,,
1124,5,3,,,,,,,,
1125,5,3,,,,,,,,
1126,5,3,,,,,,,,
1127,5,3,,,,,,,,
1128,5,3,,,,,,,,
1129,5,3,,,,,,,,
1130,5,3,,,,,,,,
1132,1,1,,,,,,,,
1133,1,1,,,,,,,,
1134,1,1,,,,,,,,
1136,1,3,,,,,,,,
1137,2,3,,,,,,,,
1138,2,3,,,,,,,,
1139,2,3,,,,,,,,
1140,2,3,,,,,,,,
1141,3,3,,,,,,,,
1142,3,3,,,,,,,,
1143,3,3,,,,,,,,
1144,3,3,,,,,,,,
1145,3,3,,,,,,,,
1146,3,3,,,,,,,,
1147,3,3,,,,,,,,
1148,3,3,,,,,,,,
1149,3,3,,,,,,,,
1150,3,3,,,,,,,,
1151,5,3,,,,,,,,
1152,5,3,,,,,,,,
1153,5,3,,,,,,,,
1154,5,3,,,,,,,,
1155,5,3,,,,,,,,
1156,5,3,,,,,,,,
1157,5,3,,,,,,,,
1158,5,3,,,,,,,,
1159,5,3,,,,,,,,
1160,5,3,,,,,,,,
1161,5,3,,,,,,,,
1162,5,3,,,,,,,,
1163,5,3,,,,,,,,
1164,5,3,,,,,,,,
1165,5,3,,,,,,,,
1166,5,3,,,,,,,,
1167,5,3,,,,,,,,
1168,5,3,,,,,,,,
1171,2,3,,,,,,,,
1172,4,3,,,,,,,,
1173,1,3,,,,,,,,
1174,1,3,,,,,,,,
1175,1,3,,,,,,,,
1176,1,5,,,,,,,,
1177,4,3,,,,,,,,
1178,4,1,,,,,,,,
1179,1,1,,,,,,,,
1180,1,1,,,,,,,,
1181,1,1,,,,,,,,
1182,1,1,,,,,,,,
1183,1,1,,,,,,,,
1184,2,1,,,,,,,,
1185,2,1,,,,,,,,
1186,2,2,,,,,,,,
1187,2,2,,,,,,,,
1188,2,2,,,,,,,,
1189,2,2,,,,,,,,
1190,2,2,,,,,,,,
1191,2,2,,,,,,,,
1192,2,2,,,,,,,,
1193,1,3,,,,,,,,
1194,3,3,,,,,,,,
1195,4,3,,,,,,,,
1196,4,3,,,,,,,,
1197,2,3,,,,,,,,
1198,4,5,,,,,,,,
1199,4,5,,,,,,,,
1200,5,5,,,,,,,,
1201,5,5,,,,,,,,
1202,5,5,,,,,,,,
1203,2,3,,,,,,,,
1204,2,3,,,,,,,,
1205,5,5,,,,,,,,
1206,2,5,,,,,,,,
1207,2,5,,,,,,,,
1208,3,3,,,,,,,,
1209,5,5,,,,,,,,
1211,5,3,,,,,,,,
1212,4,3,,,,,,,,
1213,4,3,,,,,,,,
1214,2,5,,,,,,,,
1216,2,3,,,,,,,,
1217,5,3,,,,,,,,
1218,5,3,,,,,,,,
1219,5,5,,,,,,,,
1220,5,5,,,,,,,,
1221,5,5,,,,,,,,
1222,5,5,,,,,,,,
1223,5,5,,,,,,,,
1224,5,5,,,,,,,,
1225,5,5,,,,,,,,
1226,5,5,,,,,,,,
1227,5,5,,,,,,,,
1228,5,5,,,,,,,,
1229,5,5,,,,,,,,
1230,5,5,,,,,,,,
1231,5,5,,,,,,,,
1232,5,5,,,,,,,,
1233,5,5,,,,,,,,
1234,5,5,,,,,,,,
1235,4,5,,,,,,,,
1236,4,5,,,,,,,,
1237,4,5,,,,,,,,
1238,4,1,,,,,,,,
1239,4,1,,,,,,,,
1240,4,1,,,,,,,,
1241,4,1,,,,,,,,
1242,4,1,,,,,,,,
1243,4,1,,,,,,,,
1244,1,1,,,,,,,,
1245,1,1,,,,,,,,
1246,1,1,,,,,,,,
1247,1,1,,,,,,,,
1248,1,1,,,,,,,,
1249,1,1,,,,,,,,
1250,1,3,,,,,,,,
1251,3,3,,,,,,,,
1252,4,3,,,,,,,,
1253,4,3,,,,,,,,
1254,4,3,,,,,,,,
1255,4,3,,,,,,,,
1256,5,3,,,,,,,,
1257,4,3,,,,,,,,
1258,5,3,,,,,,,,
1259,5,3,,,,,,,,
1260,5,3,,,,,,,,
1261,4,3,,,,,,,,
1262,4,3,,,,,,,,
1263,4,3,,,,,,,,
1264,4,3,,,,,,,,
1265,4,3,,,,,,,,
1266,5,3,,,,,,,,
1267,4,3,,,,,,,,
1268,5,5,,,,,,,,
1269,4,3,,,,,,,,
1270,4,5,,,,,,,,
1271,5,3,,,,,,,,
1272,4,3,,,,,,,,
1273,4,5,,,,,,,,
1274,4,3,,,,,,,,
1275,5,5,,,,,,,,
1276,4,3,,,,,,,,
1277,4,3,,,,,,,,
1278,5,5,,,,,,,,
1279,3,5,,,,,,,,
1280,4,5,,,,,,,,
1281,4,5,,,,,,,,
1282,2,5,,,,,,,,
1283,4,5,,,,,,,,
1284,1,5,,,,,,,,
1285,5,5,,,,,,,,
1286,3,5,,,,,,,,
1287,5,5,,,,,,,,
1288,4,5,,,,,,,,
1289,5,5,,,,,,,,
1290,5,5,,,,,,,,
1291,3,5,,,,,,,,
1292,5,5,,,,,,,,
1293,5,5,,,,,,,,
1294,3,5,,,,,,,,
1295,4,3,,,,,,,,
1296,4,3,,,,,,,,
1297,4,3,,,,,,,,
1298,5,5,,,,,,,,
1299,4,3,,,,,,,,
1300,5,5,,,,,,,,
1301,4,3,,,,,,,,
1302,4,3,,,,,,,,
1303,4,3,,,,,,,,
1304,4,5,,,,,,,,
1305,4,3,,,,,,,,
1306,4,3,,,,,,,,
1307,4,5,,,,,,,,
1308,4,3,,,,,,,,
1309,4,3,,,,,,,,
1310,5,5,,,,,,,,
1311,4,3,,,,,,,,
1312,5,3,,,,,,,,
1313,4,5,,,,,,,,
1314,4,3,,,,,,,,
1315,4,5,,,,,,,,
1316,4,3,,,,,,,,
1317,4,3,,,,,,,,
1318,4,3,,,,,,,,
1319,4,3,,,,,,,,
1320,4,3,,,,,,,,
1321,4,3,,,,,,,,
1322,4,3,,,,,,,,
1323,4,3,,,,,,,,
1324,4,3,,,,,,,,
1325,4,3,,,,,,,,
1326,4,3,,,,,,,,
1327,5,3,,,,,,,,
1328,4,3,,,,,,,,
1329,4,3,,,,,,,,
1330,3,3,,,,,,,,
1331,3,3,,,,,,,,
1332,4,3,,,,,,,,
1333,4,3,,,,,,,,
1334,4,3,,,,,,,,
1335,5,3,,,,,,,,
1336,5,3,,,,,,,,
1337,5,3,,,,,,,,
1338,5,3,,,,,,,,
1339,5,3,,,,,,,,
1340,5,3,,,,,,,,
1341,5,3,,,,,,,,
1342,5,3,,,,,,,,
1343,5,3,,,,,,,,
1344,5,3,,,,,,,,
1345,4,5,,,,,,,,
1346,5,5,,,,,,,,
1347,4,5,,,,,,,,
1348,4,5,,,,,,,,
1349,4,5,,,,,,,,
1350,4,5,,,,,,,,
1351,4,5,,,,,,,,
1352,4,5,,,,,,,,
1353,4,5,,,,,,,,
1354,4,5,,,,,,,,
1355,5,5,,,,,,,,
1356,5,5,,,,,,,,
1357,5,5,,,,,,,,
1358,5,3,,,,,,,,
1359,5,3,,,,,,,,
1360,5,3,,,,,,,,
1361,5,3,,,,,,,,
1362,5,3,,,,,,,,
1363,5,5,,,,,,,,
1364,5,5,,,,,,,,
1365,4,5,,,,,,,,
1366,4,5,,,,,,,,
1367,4,5,,,,,,,,
1368,5,5,,,,,,,,
1369,4,3,,,,,,,,
1370,5,3,,,,,,,,
1371,4,3,,,,,,,,
1372,4,3,,,,,,,,
1373,4,3,,,,,,,,
1374,4,3,,,,,,,,
1375,4,3,,,,,,,,
1376,4,3,,,,,,,,
1377,4,3,,,,,,,,
1378,4,3,,,,,,,,
1379,4,3,,,,,,,,
1380,4,3,,,,,,,,
1381,5,3,,,,,,,,
1382,4,3,,,,,,,,
1383,4,3,,,,,,,,
1384,4,3,,,,,,,,
1385,4,3,,,,,,,,
1386,4,3,,,,,,,,
1387,4,3,,,,,,,,
1388,4,5,,,,,,,,
1389,4,5,,,,,,,,
1390,4,5,,,,,,,,
1391,3,5,,,,,,,,
1392,4,5,,,,,,,,
1393,4,5,,,,,,,,
1394,5,5,,,,,,,,
1395,5,5,,,,,,,,
1396,5,5,,,,,,,,
1397,4,5,,,,,,,,
1398,5,5,,,,,,,,
1399,1,1,,,,,,,,
1400,1,1,,,,,,,,
1401,1,1,,,,,,,,
1402,1,1,,,,,,,,
1403,1,1,,,,,,,,
1404,1,3,,,,,,,,
1405,4,3,,,,,,,,
1406,4,3,,,,,,,,
1407,4,3,,,,,,,,
1408,4,3,,,,,,,,
1409,4,3,,,,,,,,
1410,4,3,,,,,,,,
1411,4,3,,,,,,,,
1412,4,3,,,,,,,,
1413,5,3,,,,,,,,
1414,4,3,,,,,,,,
1415,4,3,,,,,,,,
1416,3,3,,,,,,,,
1417,3,3,,,,,,,,
1418,4,3,,,,,,,,
1419,4,3,,,,,,,,
1420,4,3,,,,,,,,
1421,4,3,,,,,,,,
1422,4,3,,,,,,,,
1423,4,3,,,,,,,,
1424,4,3,,,,,,,,
1425,4,3,,,,,,,,
1426,4,3,,,,,,,,
1427,4,3,,,,,,,,
1428,4,3,,,,,,,,
1429,4,3,,,,,,,,
1430,4,3,,,,,,,,
1431,4,3,,,,,,,,
1432,4,3,,,,,,,,
1433,4,3,,,,,,,,
1434,4,3,,,,,,,,
1435,4,3,,,,,,,,
1436,4,3,,,,,,,,
1437,4,3,,,,,,,,
1438,4,3,,,,,,,,
1439,4,3,,,,,,,,
1440,4,3,,,,,,,,
1441,4,3,,,,,,,,
1442,4,3,,,,,,,,
1443,4,3,,,,,,,,
1444,4,3,,,,,,,,
1445,4,3,,,,,,,,
1446,4,3,,,,,,,,
1447,4,3,,,,,,,,
1448,4,3,,,,,,,,
1449,4,3,,,,,,,,
1450,4,3,,,,,,,,
1451,4,3,,,,,,,,
1452,4,3,,,,,,,,
1453,4,3,,,,,,,,
1454,4,3,,,,,,,,
1455,4,3,,,,,,,,
1456,4,3,,,,,,,,
1457,4,3,,,,,,,,
1458,1,3,,,,,,,,
1459,1,3,,,,,,,,
1460,1,3,,,,,,,,
1461,1,3,,,,,,,,
1462,1,3,,,,,,,,
1463,2,3,,,,,,,,
1464,1,3,,,,,,,,
1465,2,3,,,,,,,,
1466,1,3,,,,,,,,
1467,2,5,,,,,,,,
1468,4,5,,,,,,,,
1469,4,5,,,,,,,,
1470,4,3,,,,,,,,
1471,4,3,,,,,,,,
1472,4,3,,,,,,,,
1473,4,3,,,,,,,,
1474,1,3,,,,,,,,
1475,4,3,,,,,,,,
1476,1,3,,,,,,,,
1477,1,3,,,,,,,,
1478,1,5,,,,,,,,
1480,5,5,,,,,,,,
1481,5,5,,,,,,,,
1482,5,5,,,,,,,,
1483,5,5,,,,,,,,
1484,5,5,,,,,,,,
1485,5,5,,,,,,,,
1486,5,5,,,,,,,,
1487,5,5,,,,,,,,
1488,5,5,,,,,,,,
1489,4,5,,,,,,,,
1490,4,3,,,,,,,,
1491,5,5,,,,,,,,
1492,5,5,,,,,,,,
1493,5,5,,,,,,,,
1494,5,5,,,,,,,,
1495,3,5,,,,,,,,
1496,5,5,,,,,,,,
1497,5,5,,,,,,,,
1498,5,5,,,,,,,,
1499,5,5,,,,,,,,
1500,5,5,,,,,,,,
1501,5,5,,,,,,,,
1502,5,5,,,,,,,,
1503,5,5,,,,,,,,
1504,5,5,,,,,,,,
1505,5,5,,,,,,,,
1506,5,5,,,,,,,,
1507,5,1,,,,,,,,
1508,1,5,,,,,,,,
1509,5,5,,,,,,,,
1510,2,5,,,,,,,,
1511,2,5,,,,,,,,
1512,4,1,,,,,,,,
1513,4,1,,,,,,,,
1514,4,5,,,,,,,,
1515,5,5,,,,,,,,
1516,5,5,,,,,,,,
1517,5,5,,,,,,,,
1518,5,3,,,,,,,,
1519,5,3,,,,,,,,
1520,5,3,,,,,,,,
1521,5,3,,,,,,,,
1522,5,3,,,,,,,,
1523,5,5,,,,,,,,
1524,1,3,,,,,,,,
1525,4,3,,,,,,,,
1526,5,5,,,,,,,,
1528,4,3,,,,,,,,
1529,3,3,,,,,,,,
1530,5,5,,,,,,,,
1531,5,5,,,,,,,,
1532,1,3,,,,,,,,
1533,1,3,,,,,,,,
1534,4,3,,,,,,,,
1535,5,5,,,,,,,,
1536,5,5,,,,,,,,
1537,5,5,,,,,,,,
1538,4,5,,,,,,,,
1539,4,3,,,,,,,,
1540,4,3,,,,,,,,
1541,4,1,,,,,,,,
1542,5,3,,,,,,,,
1543,3,1,,,,,,,,
1544,3,3,,,,,,,,
1545,4,3,,,,,,,,
1546,2,3,,,,,,,,
1547,2,3,,,,,,,,
1548,2,3,,,,,,,,
1549,2,5,,,,,,,,
1550,2,5,,,,,,,,
1551,4,3,,,,,,,,
1552,4,3,,,,,,,,
1553,4,3,,,,,,,,
1555,4,3,,,,,,,,
1556,3,3,,,,,,,,
1557,3,3,,,,,,,,
1558,3,1,,,,,,,,
1559,4,3,,,,,,,,
1560,4,3,,,,,,,,
1561,1,3,,,,,,,,
1562,1,3,,,,,,,,
1563,4,3,,,,,,,,
1564,4,3,,,,,,,,
1565,4,3,,,,,,,,
1566,2,3,,,,,,,,
1567,3,3,,,,,,,,
1568,1,3,,,,,,,,
1569,1,3,,,,,,,,
1570,1,3,,,,,,,,
1571,4,3,,,,,,,,
1572,3,3,,,,,,,,
1573,5,3,,,,,,,,
1574,1,3,,,,,,,,
1575,4,3,,,,,,,,
1576,2,3,,,,,,,,
1577,3,3,,,,,,,,
1578,3,3,,,,,,,,
1579,3,3,,,,,,,,
1580,3,3,,,,,,,,
1581,3,3,,,,,,,,
1582,3,3,,,,,,,,
1583,3,3,,,,,,,,
1584,3,3,,,,,,,,
1586,3,3,,,,,,,,
1587,3,3,,,,,,,,
1588,4,3,,,,,,,,
1589,4,3,,,,,,,,
1590,5,3,,,,,,,,
1591,5,3,,,,,,,,
1592,5,3,,,,,,,,
1593,5,3,,,,,,,,
1594,5,3,,,,,,,,
1595,5,3,,,,,,,,
1596,5,3,,,,,,,,
1597,5,3,,,,,,,,
1598,5,3,,,,,,,,
1599,5,3,,,,,,,,
1600,4,3,,,,,,,,
1601,4,3,,,,,,,,
1602,4,3,,,,,,,,
1603,4,3,,,,,,,,
1604,4,3,,,,,,,,
1605,4,3,,,,,,,,
1606,4,3,,,,,,,,
1607,4,3,,,,,,,,
1608,4,3,,,,,,,,
1609,4,3,,,,,,,,
1610,4,3,,,,,,,,
1611,4,3,,,,,,,,
1612,5,3,,,,,,,,
1613,3,3,,,,,,,,
1614,3,3,,,,,,,,
1615,3,3,,,,,,,,
1616,3,3,,,,,,,,
1617,3,3,,,,,,,,
1618,3,3,,,,,,,,
1619,4,3,,,,,,,,
1620,3,3,,,,,,,,
1621,3,3,,,,,,,,
1622,3,3,,,,,,,,
1623,3,3,,,,,,,,
1624,4,3,,,,,,,,
1625,3,3,,,,,,,,
1626,4,3,,,,,,,,
1627,4,3,,,,,,,,
1628,4,3,,,,,,,,
1629,4,3,,,,,,,,
1630,4,3,,,,,,,,
1631,4,3,,,,,,,,
1632,5,3,,,,,,,,
1633,1,3,,,,,,,,
1634,1,3,,,,,,,,
1635,1,3,,,,,,,,
1636,1,3,,,,,,,,
1637,1,3,,,,,,,,
1638,1,3,,,,,,,,
1639,1,3,,,,,,,,
1640,1,3,,,,,,,,
1641,1,3,,,,,,,,
1642,1,3,,,,,,,,
1643,1,3,,,,,,,,
1644,2,3,,,,,,,,
1645,2,3,,,,,,,,
1646,3,3,,,,,,,,
1647,3,3,,,,,,,,
1648,4,3,,,,,,,,
1649,3,3,,,,,,,,
1650,3,3,,,,,,,,
1651,3,3,,,,,,,,
1652,3,3,,,,,,,,
1653,3,3,,,,,,,,
1654,3,3,,,,,,,,
1655,3,3,,,,,,,,
1656,3,3,,,,,,,,
1657,3,3,,,,,,,,
1658,3,3,,,,,,,,
1659,3,3,,,,,,,,
1660,3,3,,,,,,,,
1661,3,3,,,,,,,,
1662,2,3,,,,,,,,
1663,2,3,,,,,,,,
1664,2,3,,,,,,,,
1665,3,3,,,,,,,,
1666,2,3,,,,,,,,
1667,2,3,,,,,,,,
1668,2,3,,,,,,,,
1669,2,3,,,,,,,,
1670,2,3,,,,,,,,
1671,2,3,,,,,,,,
1672,2,3,,,,,,,,
1673,2,3,,,,,,,,
1674,4,3,,,,,,,,
1675,4,3,,,,,,,,
1676,4,3,,,,,,,,
1677,3,3,,,,,,,,
1678,4,3,,,,,,,,
1679,4,2,,,,,,,,
1680,1,2,,,,,,,,
1681,1,2,,,,,,,,
1682,1,2,,,,,,,,
1683,1,2,,,,,,,,
1684,1,2,,,,,,,,
1685,1,2,,,,,,,,
1686,1,2,,,,,,,,
1687,1,2,,,,,,,,
1688,1,2,,,,,,,,
1689,1,1,,,,,,,,
1690,1,1,,,,,,,,
1691,1,1,,,,,,,,
1692,1,1,,,,,,,,
1693,1,1,,,,,,,,
1694,1,1,,,,,,,,
1695,1,1,,,,,,,,
1696,1,3,,,,,,,,
1698,1,3,,,,,,,,
1699,1,3,,,,,,,,
1700,1,3,,,,,,,,
1701,1,3,,,,,,,,
1702,4,3,,,,,,,,
1703,3,3,,,,,,,,
1704,4,3,,,,,,,,
1705,3,3,,,,,,,,
1706,4,3,,,,,,,,
1707,3,3,,,,,,,,
1708,3,3,,,,,,,,
1709,4,3,,,,,,,,
1710,4,3,,,,,,,,
1711,4,3,,,,,,,,
1712,4,3,,,,,,,,
1713,4,3,,,,,,,,
1714,4,3,,,,,,,,
1715,4,3,,,,,,,,
1716,4,3,,,,,,,,
1717,3,3,,,,,,,,
1718,4,3,,,,,,,,
1719,4,3,,,,,,,,
1720,4,3,,,,,,,,
1721,4,3,,,,,,,,
1722,4,3,,,,,,,,
1723,4,3,,,,,,,,
1724,4,3,,,,,,,,
1725,4,3,,,,,,,,
1726,3,3,,,,,,,,
1727,4,3,,,,,,,,
1728,3,3,,,,,,,,
1729,4,3,,,,,,,,
1730,4,3,,,,,,,,
1731,4,3,,,,,,,,
1732,4,3,,,,,,,,
1733,4,3,,,,,,,,
1734,4,3,,,,,,,,
1735,3,3,,,,,,,,
1736,4,3,,,,,,,,
1737,3,3,,,,,,,,
1738,4,3,,,,,,,,
1739,4,3,,,,,,,,
1740,4,3,,,,,,,,
1741,4,3,,,,,,,,
1742,4,3,,,,,,,,
1743,4,3,,,,,,,,
1744,4,3,,,,,,,,
1745,4,3,,,,,,,,
1746,4,3,,,,,,,,
1747,4,3,,,,,,,,
1748,3,3,,,,,,,,
1749,4,3,,,,,,,,
1750,3,3,,,,,,,,
1751,4,3,,,,,,,,
1752,4,3,,,,,,,,
1753,4,3,,,,,,,,
1754,4,3,,,,,,,,
1755,4,3,,,,,,,,
1756,4,3,,,,,,,,
1757,4,3,,,,,,,,
1758,4,3,,,,,,,,
1759,4,3,,,,,,,,
1760,4,1,,,,,,,,
1761,4,1,,,,,,,,
1762,4,1,,,,,,,,
1763,4,1,,,,,,,,
1764,4,1,,,,,,,,
1765,4,1,,,,,,,,
1766,4,1,,,,,,,,
1767,4,1,,,,,,,,
1768,4,1,,,,,,,,
1769,4,1,,,,,,,,
1770,4,1,,,,,,,,
1771,4,1,,,,,,,,
1772,4,1,,,,,,,,
1773,4,1,,,,,,,,
1774,4,1,,,,,,,,
1775,4,1,,,,,,,,
1776,4,1,,,,,,,,
1777,4,1,,,,,,,,
1778,4,1,,,,,,,,
1779,4,1,,,,,,,,
1780,3,1,,,,,,,,
1781,4,1,,,,,,,,
1782,4,1,,,,,,,,
1783,4,1,,,,,,,,
1784,1,1,,,,,,,,
1785,1,1,,,,,,,,
1786,1,1,,,,,,,,
1787,1,1,,,,,,,,
1788,1,1,,,,,,,,
1789,1,1,,,,,,,,
1790,1,1,,,,,,,,
1791,1,1,,,,,,,,
1792,1,1,,,,,,,,
1793,1,1,,,,,,,,
1794,1,1,,,,,,,,
1795,1,1,,,,,,,,
1796,1,1,,,,,,,,
1797,1,1,,,,,,,,
1798,1,1,,,,,,,,
1799,1,1,,,,,,,,
1800,1,1,,,,,,,,
1801,1,1,,,,,,,,
1802,1,1,,,,,,,,
1803,1,1,,,,,,,,
1804,1,1,,,,,,,,
1805,1,1,,,,,,,,
1806,1,1,,,,,,,,
1807,1,1,,,,,,,,
1808,1,1,,,,,,,,
1809,1,1,,,,,,,,
1810,1,1,,,,,,,,
1811,1,1,,,,,,,,
1812,1,1,,,,,,,,
1813,1,1,,,,,,,,
1814,1,1,,,,,,,,
1815,1,1,,,,,,,,
1816,1,1,,,,,,,,
1817,1,1,,,,,,,,
1818,1,1,,,,,,,,
1819,1,1,,,,,,,,
1820,1,1,,,,,,,,
1821,1,1,,,,,,,,
1822,1,1,,,,,,,,
1823,1,1,,,,,,,,
1824,2,1,,,,,,,,
1825,1,1,,,,,,,,
1826,1,1,,,,,,,,
1827,5,5,,,,,,,,
1828,5,5,,,,,,,,
1830,4,5,,,,,,,,
1831,4,5,,,,,,,,
1834,3,3,,,,,,,,
1835,3,3,,,,,,,,
1838,3,3,,,,,,,,
1839,2,3,,,,,,,,
1841,2,3,,,,,,,,
1844,2,3,,,,,,,,
1845,4,1,,,,,,,,
1846,4,1,,,,,,,,
1847,4,1,,,,,,,,
1848,4,1,,,,,,,,
1850,4,3,,,,,,,,
1851,4,1,,,,,,,,
1852,4,1,,,,,,,,
1853,4,3,,,,,,,,
1854,2,3,,,,,,,,
1855,2,2,,,,,,,,
1856,1,5,,,,,,,,
1857,1,5,,,,,,,,
1858,1,5,,,,,,,,
1859,2,5,,,,,,,,
1860,1,5,,,,,,,,
1861,2,5,,,,,,,,
1862,2,5,,,,,,,,
1863,4,3,,,,,,,,
1864,4,3,,,,,,,,
1865,5,5,,,,,,,,
1866,5,5,,,,,,,,
1867,5,5,,,,,,,,
1868,5,5,,,,,,,,
1869,4,5,,,,,,,,
1870,5,5,,,,,,,,
1871,5,5,,,,,,,,
1872,5,5,,,,,,,,
1873,5,5,,,,,,,,
1874,4,5,,,,,,,,
1875,5,5,,,,,,,,
1876,5,5,,,,,,,,
1877,5,5,,,,,,,,
1878,5,5,,,,,,,,
1879,5,5,,,,,,,,
1880,5,5,,,,,,,,
1881,5,5,,,,,,,,
1882,4,5,,,,,,,,
1883,5,5,,,,,,,,
1884,5,5,,,,,,,,
1885,5,5,,,,,,,,
1886,5,5,,,,,,,,
1887,5,5,,,,,,,,
1888,4,5,,,,,,,,
1889,4,5,,,,,,,,
1890,4,3,,,,,,,,
1891,5,1,,,,,,,,
1892,4,3,,,,,,,,
1893,5,5,,,,,,,,
1895,4,1,,,,,,,,
1896,5,3,,,,,,,,
1897,5,5,,,,,,,,
1898,5,5,,,,,,,,
1899,4,3,,,,,,,,
1900,4,3,,,,,,,,
1901,4,3,,,,,,,,
1902,3,3,,,,,,,,
1903,3,3,,,,,,,,
1904,2,3,,,,,,,,
1905,1,1,,,,,,,,
1906,4,1,,,,,,,,
1907,4,1,,,,,,,,
1908,4,5,,,,,,,,
1909,5,5,,,,,,,,
1910,5,5,,,,,,,,
1911,5,5,,,,,,,,
1912,5,5,,,,,,,,
1913,5,5,,,,,,,,
1914,5,5,,,,,,,,
1915,5,5,,,,,,,,
1916,5,5,,,,,,,,
1917,5,5,,,,,,,,
1918,5,3,,,,,,,,
1919,5,3,,,,,,,,
1920,5,3,,,,,,,,
1921,5,3,,,,,,,,
1922,2,3,,,,,,,,
1923,4,3,,,,,,,,
1924,4,3,,,,,,,,
1925,4,3,,,,,,,,
1926,5,3,,,,,,,,
1927,5,3,,,,,,,,
1928,5,3,,,,,,,,
1929,5,5,,,,,,,,
1930,5,5,,,,,,,,
1931,5,5,,,,,,,,
1932,5,5,,,,,,,,
1933,5,5,,,,,,,,
1934,4,3,,,,,,,,
1935,5,3,,,,,,,,
1936,5,5,,,,,,,,
1937,3,3,,,,,,,,
1938,3,3,,,,,,,,
1939,3,3,,,,,,,,
1940,5,5,,,,,,,,
1941,5,5,,,,,,,,
1942,5,5,,,,,,,,
1943,5,5,,,,,,,,
1944,5,5,,,,,,,,
1945,5,5,,,,,,,,
1946,5,5,,,,,,,,
1947,5,5,,,,,,,,
1948,5,5,,,,,,,,
1949,5,5,,,,,,,,
1950,5,5,,,,,,,,
1951,5,5,,,,,,,,
1952,5,5,,,,,,,,
1953,5,5,,,,,,,,
1954,1,5,,,,,,,,
1955,1,5,,,,,,,,
1956,5,5,,,,,,,,
1957,5,5,,,,,,,,
1958,4,5,,,,,,,,
1959,4,5,,,,,,,,
1960,4,5,,,,,,,,
1961,4,5,,,,,,,,
1962,4,5,,,,,,,,
1963,5,5,,,,,,,,
1964,4,5,,,,,,,,
1965,4,5,,,,,,,,
1966,4,5,,,,,,,,
1967,4,5,,,,,,,,
1968,4,5,,,,,,,,
1969,4,3,,,,,,,,
1970,1,3,,,,,,,,
1971,2,3,,,,,,,,
1972,1,3,,,,,,,,
1973,1,3,,,,,,,,
1974,1,3,,,,,,,,
1975,1,3,,,,,,,,
1976,5,3,,,,,,,,
1977,4,5,,,,,,,,
1978,4,5,,,,,,,,
1979,4,5,,,,,,,,
1980,4,5,,,,,,,,
1981,4,5,,,,,,,,
1982,4,5,,,,,,,,
1983,4,5,,,,,,,,
1984,4,5,,,,,,,,
1985,5,3,,,,,,,,
1986,4,3,,,,,,,,
1987,4,3,,,,,,,,
1988,4,3,,,,,,,,
1989,4,5,,,,,,,,
1991,2,5,,,,,,,,
1992,3,5,,,,,,,,
1993,3,5,,,,,,,,
1994,3,5,,,,,,,,
1995,1,5,,,,,,,,
1996,3,5,,,,,,,,
1997,3,5,,,,,,,,
1998,3,5,,,,,,,,
1999,5,5,,,,,,,,
2000,4,3,,,,,,,,
2001,4,3,,,,,,,,
2002,3,3,,,,,,,,
2003,5,5,,,,,,,,
2004,4,3,,,,,,,,
2005,4,3,,,,,,,,
2006,4,3,,,,,,,,
2007,4,3,,,,,,,,
2008,4,3,,,,,,,,
2009,4,3,,,,,,,,
2010,4,3,,,,,,,,
2011,4,1,,,,,,,,
2012,4,1,,,,,,,,
2013,4,1,,,,,,,,
2014,4,1,,,,,,,,
2015,4,1,,,,,,,,
2016,4,1,,,,,,,,
2017,4,1,,,,,,,,
2018,4,1,,,,,,,,
2019,4,1,,,,,,,,
2020,4,1,,,,,,,,
2021,4,1,,,,,,,,
2022,4,1,,,,,,,,
2023,3,1,,,,,,,,
2024,3,1,,,,,,,,
2025,3,1,,,,,,,,
2026,4,1,,,,,,,,
2027,2,1,,,,,,,,
2028,2,1,,,,,,,,
2029,4,1,,,,,,,,
2030,3,1,,,,,,,,
2031,1,1,,,,,,,,
2032,1,1,,,,,,,,
2033,1,1,,,,,,,,
2034,1,1,,,,,,,,
2035,1,1,,,,,,,,
2036,1,1,,,,,,,,
2037,1,1,,,,,,,,
2038,1,1,,,,,,,,
2039,1,1,,,,,,,,
2040,1,1,,,,,,,,
2041,1,1,,,,,,,,
2042,1,1,,,,,,,,
2043,1,1,,,,,,,,
2044,1,1,,,,,,,,
2045,1,1,,,,,,,,
2046,1,1,,,,,,,,
2047,5,5,,,,,,,,
2048,5,5,,,,,,,,
2049,5,1,,,,,,,,
2050,5,1,,,,,,,,
2051,5,1,,,,,,,,
2052,5,1,,,,,,,,
2053,5,1,,,,,,,,
2054,5,1,,,,,,,,
2055,4,1,,,,,,,,
2056,4,5,,,,,,,,
2057,5,5,,,,,,,,
2058,5,5,,,,,,,,
2059,5,5,,,,,,,,
2060,5,5,,,,,,,,
2061,5,5,,,,,,,,
2062,5,3,,,,,,,,
2063,5,3,,,,,,,,
2064,5,3,,,,,,,,
2065,5,3,,,,,,,,
2066,5,3,,,,,,,,
2067,4,3,,,,,,,,
2068,4,3,,,,,,,,
2069,1,3,,,,,,,,
2070,2,3,,,,,,,,
2071,2,3,,,,,,,,
2072,2,3,,,,,,,,
2073,2,3,,,,,,,,
2074,2,3,,,,,,,,
2075,2,3,,,,,,,,
2076,2,3,,,,,,,,
2077,2,3,,,,,,,,
2078,2,3,,,,,,,,
2079,2,3,,,,,,,,
2080,2,3,,,,,,,,
2081,3,3,,,,,,,,
2082,3,3,,,,,,,,
2083,1,3,,,,,,,,
2085,3,1,,,,,,,,
2086,3,1,,,,,,,,
2087,3,1,,,,,,,,